{
	"20190104": {
		"pb_sh": 1.2319999999999998,
		"pb_sz": 1.952,
		"pb_total": 1.4146525572579327,
		"pe_sh": 11.892,
		"pe_sz": 17.566000000000003,
		"pe_total": 13.331122672239605,
		"tnr_sh": 1.028,
		"tnr_sz": 1.5100000000000002,
		"tnr_total": 1.150366547213346
	}
}