{
	"20121128": {
		"pb_sh": 1.42,
		"pb_sz": 1.892,
		"pb_total": 1.460812728611838,
		"pe_sh": 10.426,
		"pe_sz": 14.059999999999999,
		"pe_total": 10.74022525001572,
		"tnr_sh": 0.75,
		"tnr_sz": 0.532,
		"tnr_total": 0.7311475285175258
	}
}