{
	"20150826": {
		"pb_sh": 1.816,
		"pb_sz": 3.56,
		"pb_total": 2.2739465890412025,
		"pe_sh": 15.040000000000001,
		"pe_sz": 36.212,
		"pe_total": 20.599220632377627,
		"tnr_sh": 4.234,
		"tnr_sz": 4.3839999999999995,
		"tnr_total": 4.273331847738956
	}
}