{
	"evt_type": "20150820",
	"Pe": {
		"Pe_total": 23.29189658487021,
		"Pe_sh": 16.9,
		"Pe_sz": 41.09,
		"Pe_gem": 88.09,
		"Pe_hs300": 14.14
	},
	"Pb": {
		"Pb_total": 2.5737590368515013,
		"Pb_hs300": 1.87,
		"Pb_sh": 2.04,
		"Pb_sz": 4.06,
		"Pb_gem": 8.31
	},
	"Tnr": {
		"Tnr_total": 4.372847429391238,
		"Tnr_sh": 4.32,
		"Tnr_sz": 4.52,
		"Tnr_gem": 4.74,
		"Tnr_hs300": 2.87
	},
	"Cmc": {
		"Cmc_total": 35037649901314,
		"Cmc_sh": 25779401255341,
		"Cmc_sz": 9258248645973,
		"Cmc_hs300": 0,
		"Cmc_gem": 1346593618464
	}
}{
	"evt_type": "20150821",
	"Pe": {
		"Pe_total": 22.12384122290577,
		"Pe_sh": 16.21,
		"Pe_sz": 38.81,
		"Pe_gem": 81.76,
		"Pe_hs300": 13.58
	},
	"Pb": {
		"Pb_total": 2.4493311100368933,
		"Pb_hs300": 1.79,
		"Pb_sh": 1.96,
		"Pb_sz": 3.83,
		"Pb_gem": 7.7
	},
	"Tnr": {
		"Tnr_total": 4.173268829310337,
		"Tnr_sh": 4.1,
		"Tnr_sz": 4.38,
		"Tnr_gem": 4.17,
		"Tnr_hs300": 2.95
	},
	"Cmc": {
		"Cmc_total": 33474302598474,
		"Cmc_sh": 24714934872152,
		"Cmc_sz": 8759367726322,
		"Cmc_hs300": 0,
		"Cmc_gem": 1256010824078
	}
}{
	"evt_type": "20150824",
	"Pe": {
		"Pe_total": 20.307865285432896,
		"Pe_sh": 14.82,
		"Pe_sz": 35.72,
		"Pe_gem": 75.04,
		"Pe_hs300": 12.42
	},
	"Pb": {
		"Pb_total": 2.244258705444924,
		"Pb_hs300": 1.64,
		"Pb_sh": 1.79,
		"Pb_sz": 3.52,
		"Pb_gem": 7.06
	},
	"Tnr": {
		"Tnr_total": 3.6553618613146606,
		"Tnr_sh": 3.7,
		"Tnr_sz": 3.53,
		"Tnr_gem": 3.09,
		"Tnr_hs300": 3.46
	},
	"Cmc": {
		"Cmc_total": 30731155853696,
		"Cmc_sh": 22661852342178,
		"Cmc_sz": 8069303511518,
		"Cmc_hs300": 0,
		"Cmc_gem": 1152473498778
	}
}{
	"evt_type": "20150825",
	"Pe": {
		"Pe_total": 18.83080187996935,
		"Pe_sh": 13.69,
		"Pe_sz": 33.18,
		"Pe_gem": 69.8,
		"Pe_hs300": 11.5
	},
	"Pb": {
		"Pb_total": 2.0693881472114555,
		"Pb_hs300": 1.51,
		"Pb_sh": 1.65,
		"Pb_sz": 3.24,
		"Pb_gem": 6.29
	},
	"Tnr": {
		"Tnr_total": 3.9401155647611175,
		"Tnr_sh": 3.89,
		"Tnr_sz": 4.08,
		"Tnr_gem": 3.83,
		"Tnr_hs300": 3.74
	},
	"Cmc": {
		"Cmc_total": 28425868368688,
		"Cmc_sh": 20928087068046,
		"Cmc_sz": 7497781300642,
		"Cmc_hs300": 0,
		"Cmc_gem": 1064622701194
	}
}{
	"evt_type": "20150826",
	"Pe": {
		"Pe_total": 18.44169818870989,
		"Pe_sh": 13.58,
		"Pe_sz": 32.26,
		"Pe_gem": 66.39,
		"Pe_hs300": 11.51
	},
	"Pb": {
		"Pb_total": 2.0329959456612383,
		"Pb_hs300": 1.51,
		"Pb_sh": 1.64,
		"Pb_sz": 3.15,
		"Pb_gem": 5.91
	},
	"Tnr": {
		"Tnr_total": 5.225065553917424,
		"Tnr_sh": 5.16,
		"Tnr_sz": 5.41,
		"Tnr_gem": 6.14,
		"Tnr_hs300": 4.17
	},
	"Cmc": {
		"Cmc_total": 27999028940410,
		"Cmc_sh": 20711939631779,
		"Cmc_sz": 7287089308631,
		"Cmc_hs300": 0,
		"Cmc_gem": 1016037939597
	}
}